year,primary_energy_consumption
2020,33.16595
2021,36.87101
2022,57.510273
2023,53.66193
2024,67.522835
